TIME_STAMPS,SMV_Avg1,SMV_Avg2,SMV_Avg3,SMV_Avg4,SMV_Avg5,SMV_Avg6,SMV_Avg7,SMV_Std_Dev1,SMV_Std_Dev2,SMV_Std_Dev3,SMV_Std_Dev4,SMV_Std_Dev5,SMV_Std_Dev6,SMV_Std_Dev7,LABELS
2015-09-24 14:35:20.200,1.2200425596374125,1.0269653410905735,0.9636360113972191,1.0299169546210243,0.9939362971045821,0.9886797481105076,1.0008588071275537,0.7105135929626772,0.05394840733976586,0.012507424411507661,0.019949650133535553,0.06972580789482113,0.006857081589321984,0.009457221477902952,Still
2015-09-24 14:35:33.000,1.1757292692098595,1.0227054811859582,0.963321492340749,1.028854397075925,0.9838386860137963,0.9889374833700055,1.0003672948239006,0.6437050797904397,0.004884759460452866,0.004128276267862392,0.0033161639340018585,0.006305915037289216,0.003381020718151077,0.003310454585511064,Jumping Jacks
2015-09-24 14:35:45.800,1.0328202985177344,1.0098885747329938,0.9632676595653463,1.0280003759689165,0.9835772124754526,0.9890415063487156,1.0022187291895523,0.07629275698167726,0.12831179111549898,0.004951881900407781,0.005939440692309008,0.018976141495384173,0.0038259029260409813,0.03930492241685396,Still
2015-09-24 14:35:58.600,1.0223194063765397,1.0231358185148347,0.9623197018114105,1.026719688481536,0.9864852964073078,0.9893676374205472,1.0076740620809868,0.02577944400130532,0.02755771720019731,0.007802627487766531,0.023448744428712247,0.021117365241578066,0.0031231374326942374,0.006740022065626224,Still
2015-09-24 14:36:37.000,1.2135419464390964,1.0205772603748913,0.9684074470423553,1.029251268143303,0.9856900805516872,1.0021508228464953,1.008571819071616,0.820113016251612,0.020091814151537848,0.00396523247476288,0.00443695241515902,0.00631422777986419,0.003405153961812744,0.0029337515915626726,Jumping Jacks
2015-09-24 14:36:49.800,1.0245965981812022,1.0221794074595587,0.9656730583557159,1.0302628128657496,0.989631453910175,1.0092258052351255,1.0047207611202722,0.006060514009178159,0.022468728782865117,0.030345566710606953,0.01984687755648805,0.03438834652148759,0.15052259073716043,0.026497809367346366,Still
2015-09-24 14:37:02.600,1.0228314149923663,1.0229888028307779,0.9624793773764401,1.02462971171729,1.0162130048801858,0.9913160279251912,0.9966758482311899,0.007870606881600795,0.03544297967646535,0.011520178567980594,0.010745745007134839,0.136863812288159,0.004192431644765426,0.004435297835981147,Still
2015-09-24 14:37:41.000,1.3132464040077572,1.0194970470333689,0.9608952733714128,1.02882227247148,0.9895679132295585,0.9928837739190806,0.9976640272783421,0.945920420645522,0.1533550592970091,0.032753008481832574,0.01690218328543692,0.12742638464619271,0.0036610899709776023,0.004333113844792708,Still
2015-09-24 14:37:53.800,1.0241883483056393,1.0355656549143886,0.9639353103584071,1.0294710648393843,0.9939054140056302,1.0179026367579047,1.0142296468594436,0.01645383711602814,0.14401037351938265,0.03237455521076189,0.03358842088377047,0.12483631287978145,0.13906301740474739,0.10583837892381194,Still
2015-09-24 14:38:06.600,1.0199274836894834,1.0201603163619082,0.9590666874926005,1.0277442075741012,0.9815144104377916,0.9885125164230467,1.0011159974320398,0.00686413580229022,0.007808696856338614,0.0027488476885407748,0.0035023241525887665,0.00431391535632143,0.0021257758213134915,0.0033013820950430575,Still
2015-09-24 14:39:23.400,1.1796593625931822,1.0268685641631963,0.9700609983105217,1.0335546172242507,1.0016583652512614,1.0366580736050361,1.0337966593299326,0.6630843960145062,0.10457892780829413,0.09965224566801922,0.08193002864154797,0.13291306755215831,0.19101847879498482,0.16309031715442354,Jumping Jacks
2015-09-24 14:42:48.200,1.0238608186023117,1.9443229870331888,1.0620028349678563,1.2787123600520198,1.8340027924896833,1.1665169383122038,1.1337340547633337,0.006135750977436411,1.5095665589750298,0.850970472101778,1.1880563902485621,1.2902105094925307,0.5942495836753778,0.5344604624196905,Sitting
2015-09-24 14:42:48.200,1.0238608186023117,1.9443229870331888,1.0620028349678563,1.2787123600520198,1.8340027924896833,1.1665169383122038,1.1337340547633337,0.006135750977436411,1.5095665589750298,0.850970472101778,1.1880563902485621,1.2902105094925307,0.5942495836753778,0.5344604624196905,Writing
2015-09-24 14:43:01.000,1.0238942010102638,1.0205711196438587,0.9688823587630572,1.0177183128233194,0.9841940406425941,0.991884591995508,0.9943259397894882,0.01806480982447734,0.06969429118217967,0.053031236328581324,0.12862909090923175,0.11865381241339183,0.004661359703714169,0.004573070605011607,Sitting
2015-09-24 14:43:01.000,1.0238942010102638,1.0205711196438587,0.9688823587630572,1.0177183128233194,0.9841940406425941,0.991884591995508,0.9943259397894882,0.01806480982447734,0.06969429118217967,0.053031236328581324,0.12862909090923175,0.11865381241339183,0.004661359703714169,0.004573070605011607,Writing
2015-09-24 14:43:13.800,1.0245947183911452,1.027643386641451,0.9667551212075997,1.017298720167249,0.9709578224712374,0.991282302899374,0.9951379114342066,0.003388046904481931,0.11168248421407298,0.005948331969408711,0.171347152659252,0.0522358237182061,0.004131994417755591,0.004501274479821796,Sitting
2015-09-24 14:43:13.800,1.0245947183911452,1.027643386641451,0.9667551212075997,1.017298720167249,0.9709578224712374,0.991282302899374,0.9951379114342066,0.003388046904481931,0.11168248421407298,0.005948331969408711,0.171347152659252,0.0522358237182061,0.004131994417755591,0.004501274479821796,Writing
2015-09-24 14:43:26.600,1.0243460600952046,1.0211457893749847,0.9672011204274318,1.012998857763498,0.9811794213540378,0.9913798388205096,0.9932590216577931,0.0031583840989429465,0.024173541080230395,0.0084118697915395,0.1686857193783454,0.03182274545046061,0.004688151002791607,0.005904616043131997,Sitting
2015-09-24 14:43:26.600,1.0243460600952046,1.0211457893749847,0.9672011204274318,1.012998857763498,0.9811794213540378,0.9913798388205096,0.9932590216577931,0.0031583840989429465,0.024173541080230395,0.0084118697915395,0.1686857193783454,0.03182274545046061,0.004688151002791607,0.005904616043131997,Writing
2015-09-24 14:43:39.400,1.0240212473331785,1.027232896465802,0.9660547295867252,1.0183583035986596,0.9802602713529326,0.9927864015142522,0.9950284239258343,0.0034657676004958534,0.15333945848939695,0.008002297071188422,0.10324330112579845,0.06971314937539831,0.004854350057417984,0.00563479158763324,Sitting
2015-09-24 14:43:39.400,1.0240212473331785,1.027232896465802,0.9660547295867252,1.0183583035986596,0.9802602713529326,0.9927864015142522,0.9950284239258343,0.0034657676004958534,0.15333945848939695,0.008002297071188422,0.10324330112579845,0.06971314937539831,0.004854350057417984,0.00563479158763324,Writing
2015-09-24 14:43:52.200,1.0234831398132773,1.0304839921077398,0.9670479418359927,1.0204010737237557,0.9817307504367591,0.9921890207118425,0.9959599784257183,0.003631759513615361,0.12729487210988047,0.04003716199500584,0.11700124265557504,0.11328426041283784,0.006306120682585209,0.006324904168781627,Sitting
2015-09-24 14:43:52.200,1.0234831398132773,1.0304839921077398,0.9670479418359927,1.0204010737237557,0.9817307504367591,0.9921890207118425,0.9959599784257183,0.003631759513615361,0.12729487210988047,0.04003716199500584,0.11700124265557504,0.11328426041283784,0.006306120682585209,0.006324904168781627,Writing
2015-09-24 14:44:30.600,1.0212663419846115,1.0276196565518854,0.9670826750782481,1.022880455966949,1.0087943682909752,0.9987186164840494,0.992203632655871,0.026042957367279757,0.1842633381454975,0.059010137584090856,0.041358492888894115,0.1962616023910194,0.0951578523695391,0.021564467682966153,Reclining
2015-09-24 14:44:43.400,1.0214076624043356,1.0194869711309416,0.9703191662131715,1.0256746816361684,0.9949868438928227,1.020430530680146,1.0209521357112785,0.03519009003474664,0.1045467118844532,0.060591643921340956,0.0755747316396635,0.09930707608490154,0.12851625577164583,0.16290694297803957,Reclining
2015-09-24 14:44:43.400,1.0214076624043356,1.0194869711309416,0.9703191662131715,1.0256746816361684,0.9949868438928227,1.020430530680146,1.0209521357112785,0.03519009003474664,0.1045467118844532,0.060591643921340956,0.0755747316396635,0.09930707608490154,0.12851625577164583,0.16290694297803957,Telling Story
2015-09-24 14:44:56.200,1.0203238788609468,0.9683123770118899,0.9665106253036158,1.021564102322377,1.0062858546127482,0.9900253228690058,0.9973966209616574,0.03348729113199936,0.01688653587156111,0.004890894870370125,0.007756856405933401,0.015995135604386364,0.004009813024748895,0.004268834740668307,Reclining
2015-09-24 14:44:56.200,1.0203238788609468,0.9683123770118899,0.9665106253036158,1.021564102322377,1.0062858546127482,0.9900253228690058,0.9973966209616574,0.03348729113199936,0.01688653587156111,0.004890894870370125,0.007756856405933401,0.015995135604386364,0.004009813024748895,0.004268834740668307,Telling Story
2015-09-24 14:45:09.000,1.0201164654387147,0.9701104033186245,0.9674080871598247,1.0183690115954909,1.0087703068304807,0.9889142256491054,1.0155544698978072,0.003153951344862858,0.026615541676243793,0.0082720883164772,0.01985356195586555,0.024000320907271534,0.004335655572857495,0.06457762426010506,Reclining
2015-09-24 14:45:09.000,1.0201164654387147,0.9701104033186245,0.9674080871598247,1.0183690115954909,1.0087703068304807,0.9889142256491054,1.0155544698978072,0.003153951344862858,0.026615541676243793,0.0082720883164772,0.01985356195586555,0.024000320907271534,0.004335655572857495,0.06457762426010506,Telling Story
2015-09-24 14:45:21.800,1.0199112607344116,0.9715432513020978,0.9662573459399494,1.0185818331927845,1.006464402038,0.9898275268930806,1.0075164081665664,0.04431252454692416,0.020937251434506327,0.006608062887756662,0.008502382302557227,0.015674914857346813,0.005723038089833168,0.007626591808414915,Reclining
2015-09-24 14:45:21.800,1.0199112607344116,0.9715432513020978,0.9662573459399494,1.0185818331927845,1.006464402038,0.9898275268930806,1.0075164081665664,0.04431252454692416,0.020937251434506327,0.006608062887756662,0.008502382302557227,0.015674914857346813,0.005723038089833168,0.007626591808414915,Telling Story
2015-09-24 14:45:34.600,1.0198125191349623,0.9710515834439412,0.9654159918243019,1.0192264331835925,1.0091704786783575,0.989998871439689,1.0111859262470075,0.04860185897612273,0.026403225248097486,0.02283711912252176,0.029891901355676577,0.020538639266241183,0.014209829399967962,0.03800978405372459,Reclining
2015-09-24 14:45:34.600,1.0198125191349623,0.9710515834439412,0.9654159918243019,1.0192264331835925,1.0091704786783575,0.989998871439689,1.0111859262470075,0.04860185897612273,0.026403225248097486,0.02283711912252176,0.029891901355676577,0.020538639266241183,0.014209829399967962,0.03800978405372459,Telling Story
2015-09-24 14:45:47.400,1.030236244199919,0.9812519568855538,0.9651429465351394,1.020904530356744,1.0069541625020748,0.9937017755818853,1.0116360901505146,0.1626773239575101,0.07325593256261241,0.01906288230769572,0.034088124777905154,0.023965643757750833,0.02958563539005536,0.0864240126975395,Reclining
2015-09-24 14:45:47.400,1.030236244199919,0.9812519568855538,0.9651429465351394,1.020904530356744,1.0069541625020748,0.9937017755818853,1.0116360901505146,0.1626773239575101,0.07325593256261241,0.01906288230769572,0.034088124777905154,0.023965643757750833,0.02958563539005536,0.0864240126975395,Telling Story
2015-09-24 14:46:00.200,1.0259336256505653,1.0301927870967014,0.9670180554335622,1.0227821826554082,0.9852082067328869,0.9959606255001128,1.001474186836828,0.016757501771597447,0.09318005562720134,0.07149152986321487,0.0370295347961323,0.08330733441188937,0.0817406789356567,0.057894288362570906,Standing
2015-09-24 14:46:13.000,1.0220347538232182,1.0315239691286426,0.9668708508760115,1.0188585295747936,0.9804606245826301,0.9916417584557488,0.9976912427876214,0.008114776311118743,0.16073828551552055,0.023314373583248543,0.029546311747344043,0.12031092246972215,0.006904627096675485,0.007044816129478255,Standing
2015-09-24 14:46:25.800,1.0270617543551246,1.0592628882310955,0.9706288819004926,1.0239548901550766,0.9975778998771597,1.0061476795773248,0.9999969796018151,0.022138241854760356,0.1639356089337016,0.04791751985494651,0.04425438470233491,0.137109459235864,0.10460264665187034,0.14452996476304292,Standing
2015-09-24 14:46:38.600,1.0272619821569788,1.0440264701040272,0.9752920419248009,1.031288179015228,0.9997000105514885,1.0454632500947694,1.0538202828688081,0.011058214811224487,0.1557263043140732,0.09614006254525972,0.10512467125312289,0.09940653366138016,0.19619206485508997,0.22678310396193307,Standing
2015-09-24 14:46:38.600,1.0272619821569788,1.0440264701040272,0.9752920419248009,1.031288179015228,0.9997000105514885,1.0454632500947694,1.0538202828688081,0.011058214811224487,0.1557263043140732,0.09614006254525972,0.10512467125312289,0.09940653366138016,0.19619206485508997,0.22678310396193307,Telling Story
2015-09-24 14:47:04.200,1.0231742869113754,1.0205960975114179,0.9625377741312712,1.0239456293871236,0.9866613218999061,0.9902900165923848,0.9941311705694555,0.02211694012388685,0.005339184310871631,0.0037262000869793302,0.003067483233521433,0.026974992618562316,0.0035259405861636545,0.003434126616360188,Standing
2015-09-24 14:47:17.000,1.0371345197272208,1.0135886588737784,0.9746727385766399,1.023960647905944,0.9958925220042647,1.0231618244405392,1.0320157168747837,0.004842735805586085,0.0945899051982315,0.10975500396845914,0.10667024210849763,0.10690265304400894,0.15560122277424168,0.19034401267685788,Standing
2015-09-24 14:47:29.800,1.0366865814003778,0.9787400567164257,0.9868082703709248,1.0136572835259736,0.9993341032543722,1.006962473343247,0.9849690865934362,0.03112798926159118,0.06550955498979388,0.019768863776014205,0.02659806045734759,0.01684731024769136,0.1528433997720976,0.16143864926697127,Standing
2015-09-24 14:47:42.600,1.0216487096391356,0.989011527824698,0.9884937144675968,1.0131383117589456,0.9925786267561079,0.9991702571533841,0.9715570279002568,0.01990548539153614,0.08120870271697511,0.004396524049048473,0.0051643698101488614,0.020107116594889278,0.003989206099655456,0.0033103152332055043,Standing
2015-09-24 14:47:42.600,1.0216487096391356,0.989011527824698,0.9884937144675968,1.0131383117589456,0.9925786267561079,0.9991702571533841,0.9715570279002568,0.01990548539153614,0.08120870271697511,0.004396524049048473,0.0051643698101488614,0.020107116594889278,0.003989206099655456,0.0033103152332055043,Arms On Desk
2015-09-24 14:47:55.400,1.019622361399222,0.9904759233367578,0.9870590079627374,1.013689898969817,1.0037870510875702,0.9998409654063793,0.9705006889299999,0.0039026618390721303,0.053390497152007645,0.010172432315887424,0.014015004826141772,0.05603501007441443,0.020619292848958082,0.005566987550866836,Standing
2015-09-24 14:47:55.400,1.019622361399222,0.9904759233367578,0.9870590079627374,1.013689898969817,1.0037870510875702,0.9998409654063793,0.9705006889299999,0.0039026618390721303,0.053390497152007645,0.010172432315887424,0.014015004826141772,0.05603501007441443,0.020619292848958082,0.005566987550866836,Arms On Desk
2015-09-24 14:47:55.400,1.019622361399222,0.9904759233367578,0.9870590079627374,1.013689898969817,1.0037870510875702,0.9998409654063793,0.9705006889299999,0.0039026618390721303,0.053390497152007645,0.010172432315887424,0.014015004826141772,0.05603501007441443,0.020619292848958082,0.005566987550866836,Web Browsing
2015-09-24 14:48:08.200,1.019561763006952,0.9990799132623384,0.9830534949385176,1.013899349648147,0.9882428281507356,1.0000030166721363,0.9693585002519687,0.004612764379101461,0.007025682483974262,0.0036079850869910487,0.004587289652172941,0.03192546628315921,0.003361028317521584,0.003151427615799237,Standing
2015-09-24 14:48:08.200,1.019561763006952,0.9990799132623384,0.9830534949385176,1.013899349648147,0.9882428281507356,1.0000030166721363,0.9693585002519687,0.004612764379101461,0.007025682483974262,0.0036079850869910487,0.004587289652172941,0.03192546628315921,0.003361028317521584,0.003151427615799237,Arms On Desk
2015-09-24 14:48:08.200,1.019561763006952,0.9990799132623384,0.9830534949385176,1.013899349648147,0.9882428281507356,1.0000030166721363,0.9693585002519687,0.004612764379101461,0.007025682483974262,0.0036079850869910487,0.004587289652172941,0.03192546628315921,0.003361028317521584,0.003151427615799237,Web Browsing
2015-09-24 14:48:21.000,1.0198560367166802,0.9986764538610529,0.9833684103451518,1.0125758228945398,0.9868904369030173,0.9999366914983446,0.9693948636077702,0.004237543662465737,0.005403030701845957,0.003229404988753226,0.004043079254922382,0.01744273201215433,0.0033072128983205953,0.0029798268756472414,Standing
2015-09-24 14:48:21.000,1.0198560367166802,0.9986764538610529,0.9833684103451518,1.0125758228945398,0.9868904369030173,0.9999366914983446,0.9693948636077702,0.004237543662465737,0.005403030701845957,0.003229404988753226,0.004043079254922382,0.01744273201215433,0.0033072128983205953,0.0029798268756472414,Arms On Desk
2015-09-24 14:48:21.000,1.0198560367166802,0.9986764538610529,0.9833684103451518,1.0125758228945398,0.9868904369030173,0.9999366914983446,0.9693948636077702,0.004237543662465737,0.005403030701845957,0.003229404988753226,0.004043079254922382,0.01744273201215433,0.0033072128983205953,0.0029798268756472414,Web Browsing
2015-09-24 14:48:33.800,1.019880701506725,0.9977785966240185,0.9834503492910952,1.0120495754763748,0.9879938775088793,1.0005224996826323,0.9691666556863295,0.003680511020509743,0.005071200269935715,0.003332817074121632,0.004368099730920703,0.013100157785373052,0.0033849841788186293,0.00295434547407644,Standing
2015-09-24 14:48:33.800,1.019880701506725,0.9977785966240185,0.9834503492910952,1.0120495754763748,0.9879938775088793,1.0005224996826323,0.9691666556863295,0.003680511020509743,0.005071200269935715,0.003332817074121632,0.004368099730920703,0.013100157785373052,0.0033849841788186293,0.00295434547407644,Arms On Desk
2015-09-24 14:48:33.800,1.019880701506725,0.9977785966240185,0.9834503492910952,1.0120495754763748,0.9879938775088793,1.0005224996826323,0.9691666556863295,0.003680511020509743,0.005071200269935715,0.003332817074121632,0.004368099730920703,0.013100157785373052,0.0033849841788186293,0.00295434547407644,Web Browsing
2015-09-24 14:48:46.600,1.0202437665340076,0.9966464485611637,0.9835612331830037,1.0116269338610662,0.9892416984311473,1.000096562346549,0.9692629740527586,0.0037742254492275865,0.011777647048681018,0.0034911597778685345,0.00434488301313556,0.026482033328684006,0.003227936279702919,0.003128854719873374,Standing
2015-09-24 14:48:46.600,1.0202437665340076,0.9966464485611637,0.9835612331830037,1.0116269338610662,0.9892416984311473,1.000096562346549,0.9692629740527586,0.0037742254492275865,0.011777647048681018,0.0034911597778685345,0.00434488301313556,0.026482033328684006,0.003227936279702919,0.003128854719873374,Arms On Desk
2015-09-24 14:48:46.600,1.0202437665340076,0.9966464485611637,0.9835612331830037,1.0116269338610662,0.9892416984311473,1.000096562346549,0.9692629740527586,0.0037742254492275865,0.011777647048681018,0.0034911597778685345,0.00434488301313556,0.026482033328684006,0.003227936279702919,0.003128854719873374,Web Browsing
2015-09-24 14:48:59.400,1.0197889338976585,0.9966710844569955,0.9869329979409188,1.010793618900093,0.9890989802821348,1.010114301313015,0.976207832384217,0.003995134681779604,0.05174490358745449,0.010481663783133388,0.013157370194598624,0.040116624000258894,0.09984393883791773,0.05108460000815535,Standing
2015-09-24 14:48:59.400,1.0197889338976585,0.9966710844569955,0.9869329979409188,1.010793618900093,0.9890989802821348,1.010114301313015,0.976207832384217,0.003995134681779604,0.05174490358745449,0.010481663783133388,0.013157370194598624,0.040116624000258894,0.09984393883791773,0.05108460000815535,Arms On Desk
2015-09-24 14:48:59.400,1.0197889338976585,0.9966710844569955,0.9869329979409188,1.010793618900093,0.9890989802821348,1.010114301313015,0.976207832384217,0.003995134681779604,0.05174490358745449,0.010481663783133388,0.013157370194598624,0.040116624000258894,0.09984393883791773,0.05108460000815535,Web Browsing
2015-09-24 14:50:16.200,1.0191019740363325,0.9996462246419884,1.0053611719204845,0.9956816846765288,0.9669745476664097,0.986562323073426,1.0188883906359734,0.09916389811856009,0.020970122996755082,0.012827290629297848,0.015055135247360001,0.023246438481513365,0.055005904204695234,0.031564462188192706,Standing
2015-09-24 14:50:16.200,1.0191019740363325,0.9996462246419884,1.0053611719204845,0.9956816846765288,0.9669745476664097,0.986562323073426,1.0188883906359734,0.09916389811856009,0.020970122996755082,0.012827290629297848,0.015055135247360001,0.023246438481513365,0.055005904204695234,0.031564462188192706,Elevator
2015-09-24 14:50:16.200,1.0191019740363325,0.9996462246419884,1.0053611719204845,0.9956816846765288,0.9669745476664097,0.986562323073426,1.0188883906359734,0.09916389811856009,0.020970122996755082,0.012827290629297848,0.015055135247360001,0.023246438481513365,0.055005904204695234,0.031564462188192706,down
2015-09-24 14:50:29.000,1.0995874187153665,1.001311219422496,1.0048154789361474,0.9949343509837117,0.966676928064592,0.98845658905809,1.0211040248396424,0.2933111479616661,0.023279284895633332,0.008448904515427633,0.011859495707981222,0.01939573084663065,0.06666012742433648,0.044942768653053786,Standing
2015-09-24 14:50:29.000,1.0995874187153665,1.001311219422496,1.0048154789361474,0.9949343509837117,0.966676928064592,0.98845658905809,1.0211040248396424,0.2933111479616661,0.023279284895633332,0.008448904515427633,0.011859495707981222,0.01939573084663065,0.06666012742433648,0.044942768653053786,Elevator
2015-09-24 14:50:29.000,1.0995874187153665,1.001311219422496,1.0048154789361474,0.9949343509837117,0.966676928064592,0.98845658905809,1.0211040248396424,0.2933111479616661,0.023279284895633332,0.008448904515427633,0.011859495707981222,0.01939573084663065,0.06666012742433648,0.044942768653053786,down
2015-09-24 14:50:41.800,1.1817605834296618,1.0018408592888075,1.0043814037412437,0.994726689594053,0.9654555194873724,1.0059327177186126,1.0266490898207212,0.47174761815125443,0.03301200938328237,0.012567982951133606,0.018717720793186923,0.026855704444138397,0.2361970818869796,0.07708997244826563,Walking
2015-09-24 14:50:54.600,1.2521675552401814,1.0326283332698356,0.9704541856630153,1.0220442663823965,0.9942390019997557,1.0041244930216495,1.0034190402877796,0.6626485308324777,0.14357755064593236,0.05948312977546696,0.07338890724621934,0.09210480973549069,0.1581660813126599,0.2064484617552388,Walking
2015-09-24 14:50:54.600,1.2521675552401814,1.0326283332698356,0.9704541856630153,1.0220442663823965,0.9942390019997557,1.0041244930216495,1.0034190402877796,0.6626485308324777,0.14357755064593236,0.05948312977546696,0.07338890724621934,0.09210480973549069,0.1581660813126599,0.2064484617552388,Telling Story
2015-09-24 14:51:07.400,1.3674835772081926,1.020481088602504,0.9638325157035816,1.023146685915497,0.988819587193732,0.9910166360427679,0.994914951482287,0.86081139402095,0.022861644222421696,0.007037456444815921,0.01689527008141126,0.017558223248992002,0.004748736630679382,0.03255495607543236,Walking
2015-09-24 14:51:07.400,1.3674835772081926,1.020481088602504,0.9638325157035816,1.023146685915497,0.988819587193732,0.9910166360427679,0.994914951482287,0.86081139402095,0.022861644222421696,0.007037456444815921,0.01689527008141126,0.017558223248992002,0.004748736630679382,0.03255495607543236,Telling Story
2015-09-24 14:51:20.200,1.3342362897823123,1.019764286973492,0.9647072461782136,1.0235501855113074,0.9889920528315717,0.9904095042318787,0.9982064829248857,0.7560021036189071,0.029195969457994637,0.010501223038079011,0.031151872749037038,0.09363346174951974,0.011584031493613825,0.045621270007694704,Walking
2015-09-24 14:51:20.200,1.3342362897823123,1.019764286973492,0.9647072461782136,1.0235501855113074,0.9889920528315717,0.9904095042318787,0.9982064829248857,0.7560021036189071,0.029195969457994637,0.010501223038079011,0.031151872749037038,0.09363346174951974,0.011584031493613825,0.045621270007694704,Telling Story
2015-09-24 14:51:33.000,1.402772580123793,1.0183792422830702,0.9637682466749622,1.0234927238088551,0.9865510644022024,0.9869729715865695,0.9952194893593153,0.8413124193139927,0.012635399884765953,0.005249032389649253,0.004371316761169094,0.030365796779967372,0.0032891485304477027,0.006670047934332256,Walking
2015-09-24 14:51:33.000,1.402772580123793,1.0183792422830702,0.9637682466749622,1.0234927238088551,0.9865510644022024,0.9869729715865695,0.9952194893593153,0.8413124193139927,0.012635399884765953,0.005249032389649253,0.004371316761169094,0.030365796779967372,0.0032891485304477027,0.006670047934332256,Telling Story
2015-09-24 14:51:45.800,1.4141970971120488,1.0186022024209835,0.9629848819838481,1.024294598087345,0.9865797054566233,0.993844269128814,0.9967600377137932,0.849824801231598,0.03293947477352483,0.03184165925485902,0.0280737443531933,0.024323369428867016,0.03814412860555056,0.02254969204176375,Walking
2015-09-24 14:51:45.800,1.4141970971120488,1.0186022024209835,0.9629848819838481,1.024294598087345,0.9865797054566233,0.993844269128814,0.9967600377137932,0.849824801231598,0.03293947477352483,0.03184165925485902,0.0280737443531933,0.024323369428867016,0.03814412860555056,0.02254969204176375,Telling Story
2015-09-24 14:51:58.600,1.3836407547835348,1.010866478726252,0.9609934914376373,1.0240044676739557,0.9867849930153886,0.9897933779076515,0.998934924658326,0.8416498461801669,0.08770670344749862,0.008855091208230277,0.009054122534577155,0.02765121766750283,0.0039047394032244477,0.02035853609504311,Walking
2015-09-24 14:51:58.600,1.3836407547835348,1.010866478726252,0.9609934914376373,1.0240044676739557,0.9867849930153886,0.9897933779076515,0.998934924658326,0.8416498461801669,0.08770670344749862,0.008855091208230277,0.009054122534577155,0.02765121766750283,0.0039047394032244477,0.02035853609504311,Telling Story
2015-09-24 14:52:11.400,1.3732231385798352,1.0178219829738242,0.9682718316803193,1.0239196956104495,0.9849597401708782,0.9916731005316112,1.007951332232002,0.7952987759266869,0.06335337646297332,0.017673540763464998,0.025938033904194552,0.08993372599208903,0.03161558047290887,0.09682095370041276,Walking
2015-09-24 14:52:11.400,1.3732231385798352,1.0178219829738242,0.9682718316803193,1.0239196956104495,0.9849597401708782,0.9916731005316112,1.007951332232002,0.7952987759266869,0.06335337646297332,0.017673540763464998,0.025938033904194552,0.08993372599208903,0.03161558047290887,0.09682095370041276,Telling Story
2015-09-24 14:52:24.200,1.3855877030860622,1.0186898381686813,0.9710809630652334,1.0236077340247118,0.9702391827123416,0.9855780601865204,1.0032839958009399,0.8353133043549229,0.004201986671918077,0.003466265038726524,0.0033806048150377814,0.00876019547709614,0.003057321792131533,0.0031935553407300673,Walking
2015-09-24 14:52:24.200,1.3855877030860622,1.0186898381686813,0.9710809630652334,1.0236077340247118,0.9702391827123416,0.9855780601865204,1.0032839958009399,0.8353133043549229,0.004201986671918077,0.003466265038726524,0.0033806048150377814,0.00876019547709614,0.003057321792131533,0.0031935553407300673,Telling Story
2015-09-24 14:52:37.000,1.3982183243754485,1.005493890986648,0.9645601107741878,1.0244653269345305,0.9831842783320898,0.9972175291043229,0.9971095135544613,0.8778425320848933,0.05462211320487169,0.015632711636490427,0.013275396663915577,0.038796133584244274,0.05564397250560988,0.09499875610115648,Walking
2015-09-24 14:52:37.000,1.3982183243754485,1.005493890986648,0.9645601107741878,1.0244653269345305,0.9831842783320898,0.9972175291043229,0.9971095135544613,0.8778425320848933,0.05462211320487169,0.015632711636490427,0.013275396663915577,0.038796133584244274,0.05564397250560988,0.09499875610115648,Telling Story
2015-09-24 14:52:49.800,1.3983546094509942,0.9965531177675507,0.9610974357448622,1.0247737454864487,0.9907840866291632,0.9907397512636019,0.9944753023250286,0.8585676909129549,0.0051752847102713604,0.0034340771721441937,0.003637804418630298,0.026233340758018413,0.0036148037565869153,0.00308954397674289,Walking
2015-09-24 14:52:49.800,1.3983546094509942,0.9965531177675507,0.9610974357448622,1.0247737454864487,0.9907840866291632,0.9907397512636019,0.9944753023250286,0.8585676909129549,0.0051752847102713604,0.0034340771721441937,0.003637804418630298,0.026233340758018413,0.0036148037565869153,0.00308954397674289,Telling Story
2015-09-24 14:53:02.600,1.3913994454926422,0.9977500234611373,0.961483122111699,1.0243789661870484,0.9901437977897426,0.9911476640401308,0.9941207648059662,0.8318154820596391,0.014459061539917955,0.004008558022545377,0.004076916803093857,0.03228264499399671,0.0038254111132625325,0.003528933082053661,Walking
2015-09-24 14:53:02.600,1.3913994454926422,0.9977500234611373,0.961483122111699,1.0243789661870484,0.9901437977897426,0.9911476640401308,0.9941207648059662,0.8318154820596391,0.014459061539917955,0.004008558022545377,0.004076916803093857,0.03228264499399671,0.0038254111132625325,0.003528933082053661,Telling Story
2015-09-24 14:53:15.400,1.3642887174820748,0.9986630267953295,0.9610788816265023,1.024394892541645,0.9884432263476741,0.9912667728188085,0.9941020330067578,0.7768657604858223,0.020985196566781536,0.003695955432204066,0.003548544474867615,0.022314462074661853,0.003602358788234675,0.0033681808095590154,Walking
2015-09-24 14:53:15.400,1.3642887174820748,0.9986630267953295,0.9610788816265023,1.024394892541645,0.9884432263476741,0.9912667728188085,0.9941020330067578,0.7768657604858223,0.020985196566781536,0.003695955432204066,0.003548544474867615,0.022314462074661853,0.003602358788234675,0.0033681808095590154,Telling Story
2015-09-24 14:53:28.200,1.3863561777187736,0.9916003920441918,0.961533823946309,1.0240617064543425,0.9933530527574894,0.9914421576806187,0.9937307239170439,0.8599586104972853,0.007205448019093215,0.0038873171277587788,0.0035697509715722836,0.022083155371320974,0.0034119674656088034,0.003593215065144381,Walking
2015-09-24 14:53:28.200,1.3863561777187736,0.9916003920441918,0.961533823946309,1.0240617064543425,0.9933530527574894,0.9914421576806187,0.9937307239170439,0.8599586104972853,0.007205448019093215,0.0038873171277587788,0.0035697509715722836,0.022083155371320974,0.0034119674656088034,0.003593215065144381,Telling Story
2015-09-24 14:53:41.000,1.404420569029572,0.9917559374319679,0.9611812565830283,1.0237723997756454,0.9941434582469848,0.9922070546646735,0.99354006406103,0.8383798126385366,0.005025875426008033,0.0034831100909345526,0.0031559521699538458,0.01553204308166347,0.0036158408824789883,0.0031969031720258394,Walking
2015-09-24 14:53:41.000,1.404420569029572,0.9917559374319679,0.9611812565830283,1.0237723997756454,0.9941434582469848,0.9922070546646735,0.99354006406103,0.8383798126385366,0.005025875426008033,0.0034831100909345526,0.0031559521699538458,0.01553204308166347,0.0036158408824789883,0.0031969031720258394,Telling Story
2015-09-24 14:53:53.800,1.4291644462337696,0.9908547254217747,0.9611997469946175,1.0237969318258686,0.9933718276633559,0.9913926241101547,0.9936683602478344,0.8903763454909822,0.0058704801353363445,0.0035446562147919917,0.0033533698651924556,0.020478331396702066,0.003662523657878019,0.003310569980705271,Walking
2015-09-24 14:53:53.800,1.4291644462337696,0.9908547254217747,0.9611997469946175,1.0237969318258686,0.9933718276633559,0.9913926241101547,0.9936683602478344,0.8903763454909822,0.0058704801353363445,0.0035446562147919917,0.0033533698651924556,0.020478331396702066,0.003662523657878019,0.003310569980705271,Telling Story
2015-09-24 14:54:06.600,1.4483302506402829,0.9929340017853113,0.9618975067370519,1.0239904514445546,0.9929291327790442,0.9902966796463184,0.9946206601195563,0.9089643803283196,0.01717403246215441,0.003666829440020508,0.0033904271971535696,0.015855996242584547,0.0037191067398223286,0.0034262722585610616,Walking
2015-09-24 14:54:06.600,1.4483302506402829,0.9929340017853113,0.9618975067370519,1.0239904514445546,0.9929291327790442,0.9902966796463184,0.9946206601195563,0.9089643803283196,0.01717403246215441,0.003666829440020508,0.0033904271971535696,0.015855996242584547,0.0037191067398223286,0.0034262722585610616,Telling Story
2015-09-24 14:54:19.400,1.415736558405296,1.0152233550517038,0.9636893574406803,1.0252538122376227,0.9885504223147451,0.9935116358728593,1.0038258921122407,0.8666704094703727,0.11153630749823336,0.02363352448108645,0.02762165020159444,0.05024834373492075,0.023055938833980688,0.07915117958925845,Walking
2015-09-24 14:54:19.400,1.415736558405296,1.0152233550517038,0.9636893574406803,1.0252538122376227,0.9885504223147451,0.9935116358728593,1.0038258921122407,0.8666704094703727,0.11153630749823336,0.02363352448108645,0.02762165020159444,0.05024834373492075,0.023055938833980688,0.07915117958925845,Telling Story
2015-09-24 14:54:32.200,1.4195586231131463,1.0045549866422205,0.9640172860980928,1.0233991396055202,0.9853557759977356,0.9911224240034993,1.0140339434963457,0.8739410671218809,0.08007154019363195,0.012849601961193766,0.026095003998107658,0.03251751972019865,0.02805577083927783,0.014469787721613862,Walking
2015-09-24 14:54:32.200,1.4195586231131463,1.0045549866422205,0.9640172860980928,1.0233991396055202,0.9853557759977356,0.9911224240034993,1.0140339434963457,0.8739410671218809,0.08007154019363195,0.012849601961193766,0.026095003998107658,0.03251751972019865,0.02805577083927783,0.014469787721613862,Telling Story
2015-09-24 14:54:45.000,1.4285336166771785,1.0461733424266912,0.9793935356781799,1.0368870818998228,1.0088933601665868,1.0881310431769344,1.0809493296136106,0.8605974399694136,0.12566259115316744,0.11789909742206844,0.1321113284868348,0.15576519017900917,0.28820919928429745,0.2858379642613777,Walking
2015-09-24 14:54:45.000,1.4285336166771785,1.0461733424266912,0.9793935356781799,1.0368870818998228,1.0088933601665868,1.0881310431769344,1.0809493296136106,0.8605974399694136,0.12566259115316744,0.11789909742206844,0.1321113284868348,0.15576519017900917,0.28820919928429745,0.2858379642613777,Telling Story
2015-09-24 14:54:57.800,1.4652686842036995,1.064945879781793,0.977074755829335,1.0344216431988225,1.0200170133133977,1.0723383746752637,1.0671591708038424,0.9563544216796164,0.18098437472723425,0.11355548723093331,0.11236886626081558,0.16409061080810955,0.3016050045559847,0.3360345113629013,Walking
2015-09-24 14:54:57.800,1.4652686842036995,1.064945879781793,0.977074755829335,1.0344216431988225,1.0200170133133977,1.0723383746752637,1.0671591708038424,0.9563544216796164,0.18098437472723425,0.11355548723093331,0.11236886626081558,0.16409061080810955,0.3016050045559847,0.3360345113629013,Telling Story
2015-09-24 14:55:10.600,1.0693198335073912,1.0381178671716689,0.9714709507108464,1.0310482555690772,0.991590784773002,1.0660220472205304,1.051221334995051,0.28982212962555315,0.1273739992713222,0.09299214181323118,0.10621160330941783,0.08566677721681062,0.29244506059460174,0.26774915140300476,Walking
2015-09-24 14:55:10.600,1.0693198335073912,1.0381178671716689,0.9714709507108464,1.0310482555690772,0.991590784773002,1.0660220472205304,1.051221334995051,0.28982212962555315,0.1273739992713222,0.09299214181323118,0.10621160330941783,0.08566677721681062,0.29244506059460174,0.26774915140300476,Telling Story
2015-09-24 14:55:23.400,1.0206539726111665,1.0426202489078795,0.974191826995432,1.0329842102902187,0.9900587423179089,1.0096649012454852,1.0316677849865485,0.011564591870706182,0.10920792739531744,0.06937831658808634,0.07109429376813291,0.06780261473019221,0.0956761114718194,0.09702362878544946,Standing
2015-09-24 14:55:23.400,1.0206539726111665,1.0426202489078795,0.974191826995432,1.0329842102902187,0.9900587423179089,1.0096649012454852,1.0316677849865485,0.011564591870706182,0.10920792739531744,0.06937831658808634,0.07109429376813291,0.06780261473019221,0.0956761114718194,0.09702362878544946,Stop Light
2015-09-24 14:55:23.400,1.0206539726111665,1.0426202489078795,0.974191826995432,1.0329842102902187,0.9900587423179089,1.0096649012454852,1.0316677849865485,0.011564591870706182,0.10920792739531744,0.06937831658808634,0.07109429376813291,0.06780261473019221,0.0956761114718194,0.09702362878544946,Telling Story
2015-09-24 14:55:36.200,1.0189779387178108,1.0715878411865514,0.9932971164963549,1.0484813956163206,1.02237740523649,1.2582087301388603,1.205195694137674,0.02283572402918215,0.19772631410938157,0.2076262667965623,0.2531177132919474,0.19041926481526578,0.6174410650594204,0.5537608976408935,Standing
2015-09-24 14:55:36.200,1.0189779387178108,1.0715878411865514,0.9932971164963549,1.0484813956163206,1.02237740523649,1.2582087301388603,1.205195694137674,0.02283572402918215,0.19772631410938157,0.2076262667965623,0.2531177132919474,0.19041926481526578,0.6174410650594204,0.5537608976408935,Stop Light
2015-09-24 14:55:36.200,1.0189779387178108,1.0715878411865514,0.9932971164963549,1.0484813956163206,1.02237740523649,1.2582087301388603,1.205195694137674,0.02283572402918215,0.19772631410938157,0.2076262667965623,0.2531177132919474,0.19041926481526578,0.6174410650594204,0.5537608976408935,Telling Story
2015-09-24 14:55:49.000,1.1673318592315491,1.0586598457401548,0.992863258276548,1.0469202224675138,1.0142317506440304,1.247738806121687,1.184079225190293,0.4640237203476595,0.2160834114291305,0.21979846482801368,0.245133018159328,0.23187698060244757,0.6046800881912249,0.5328018339871013,Standing
2015-09-24 14:55:49.000,1.1673318592315491,1.0586598457401548,0.992863258276548,1.0469202224675138,1.0142317506440304,1.247738806121687,1.184079225190293,0.4640237203476595,0.2160834114291305,0.21979846482801368,0.245133018159328,0.23187698060244757,0.6046800881912249,0.5328018339871013,Stop Light
2015-09-24 14:55:49.000,1.1673318592315491,1.0586598457401548,0.992863258276548,1.0469202224675138,1.0142317506440304,1.247738806121687,1.184079225190293,0.4640237203476595,0.2160834114291305,0.21979846482801368,0.245133018159328,0.23187698060244757,0.6046800881912249,0.5328018339871013,Telling Story
2015-09-24 14:56:01.800,1.3758766441101158,1.1303906612839292,1.0117073006988138,1.0685427986128202,1.04086110325365,1.357592333679007,1.2910922986941167,0.7831513723763294,0.33480920797326374,0.324611666726165,0.3519443692425358,0.27863825874828635,0.7881220321332899,0.7464409943475399,Telling Story
2015-09-24 14:56:01.800,1.3758766441101158,1.1303906612839292,1.0117073006988138,1.0685427986128202,1.04086110325365,1.357592333679007,1.2910922986941167,0.7831513723763294,0.33480920797326374,0.324611666726165,0.3519443692425358,0.27863825874828635,0.7881220321332899,0.7464409943475399,Walking
2015-09-24 14:56:14.600,1.1934342116994114,1.1311160196259735,1.0092270152918374,1.0660390142299618,1.075156763824266,1.4334123527283318,1.3846190028754477,0.5114517571885465,0.3494012027879956,0.36486619526900904,0.37681367606066785,0.3177613450892035,0.8300513937870513,0.7886076386385519,Telling Story
2015-09-24 14:56:14.600,1.1934342116994114,1.1311160196259735,1.0092270152918374,1.0660390142299618,1.075156763824266,1.4334123527283318,1.3846190028754477,0.5114517571885465,0.3494012027879956,0.36486619526900904,0.37681367606066785,0.3177613450892035,0.8300513937870513,0.7886076386385519,Walking
2015-09-24 14:56:27.400,1.1586214936254395,1.1088088270907228,1.0100889990769857,1.07251168303632,1.0368724525435107,1.4253426377511722,1.3795468854753388,0.41653651762278715,0.25242486967495814,0.37202890106233805,0.37819320562481934,0.2776159805578342,0.8510243021955162,0.8044303279227158,Telling Story
2015-09-24 14:56:27.400,1.1586214936254395,1.1088088270907228,1.0100889990769857,1.07251168303632,1.0368724525435107,1.4253426377511722,1.3795468854753388,0.41653651762278715,0.25242486967495814,0.37202890106233805,0.37819320562481934,0.2776159805578342,0.8510243021955162,0.8044303279227158,Walking
2015-09-24 14:56:40.200,1.1143023042014553,1.1117677973290434,1.0033663010670284,1.0683781551981066,1.0513651044827104,1.4733943488370902,1.3799675849145279,0.2950047076858991,0.2438150379499915,0.3510316286042786,0.3604471525113704,0.26071366636093324,0.8790969542307129,0.7918424716854849,Telling Story
2015-09-24 14:56:40.200,1.1143023042014553,1.1117677973290434,1.0033663010670284,1.0683781551981066,1.0513651044827104,1.4733943488370902,1.3799675849145279,0.2950047076858991,0.2438150379499915,0.3510316286042786,0.3604471525113704,0.26071366636093324,0.8790969542307129,0.7918424716854849,Walking
2015-09-24 14:56:53.000,1.0687374269721661,1.1042164817668838,1.0046603458469934,1.0699393060695985,1.0530197057576784,1.4609239584945353,1.3790091290332,0.19968966040321812,0.28182259107597335,0.33705823748359043,0.3787323273926022,0.27905325636793793,0.8768971858144906,0.7969733837364997,Telling Story
2015-09-24 14:56:53.000,1.0687374269721661,1.1042164817668838,1.0046603458469934,1.0699393060695985,1.0530197057576784,1.4609239584945353,1.3790091290332,0.19968966040321812,0.28182259107597335,0.33705823748359043,0.3787323273926022,0.27905325636793793,0.8768971858144906,0.7969733837364997,Walking
2015-09-24 14:57:05.800,1.0320081719445662,1.1383668728361533,1.011686150093713,1.0667305197334813,1.0778430079996362,1.4496204192836526,1.3705015378502705,0.05947783409196783,0.2754469042563528,0.3438997045033165,0.3665029699596175,0.26850692802544124,0.8436905881721619,0.7757158936448765,Telling Story
2015-09-24 14:57:05.800,1.0320081719445662,1.1383668728361533,1.011686150093713,1.0667305197334813,1.0778430079996362,1.4496204192836526,1.3705015378502705,0.05947783409196783,0.2754469042563528,0.3438997045033165,0.3665029699596175,0.26850692802544124,0.8436905881721619,0.7757158936448765,Walking
2015-09-24 14:57:18.600,1.0261997646064482,1.124568856067273,1.0088166905676388,1.0601967848227196,1.0446590196360925,1.4533675603540586,1.3668705192167638,0.03526525676908808,0.26696937964886663,0.3120193357687173,0.3475375141729295,0.2416130516342471,0.8516868894208888,0.7706186018269574,Standing
2015-09-24 14:57:44.200,1.0649755331614787,1.132800023372343,1.018852071867016,1.0698045347269223,1.0493383200867696,1.5017591701016002,1.3789088097291937,0.22034208653675266,0.26535906773874973,0.33803739561532364,0.3817501068162215,0.2913722574144909,0.943456093975363,0.8163177297905936,Outdoors
2015-09-24 14:57:44.200,1.0649755331614787,1.132800023372343,1.018852071867016,1.0698045347269223,1.0493383200867696,1.5017591701016002,1.3789088097291937,0.22034208653675266,0.26535906773874973,0.33803739561532364,0.3817501068162215,0.2913722574144909,0.943456093975363,0.8163177297905936,Walking
2015-09-24 14:57:44.200,1.0649755331614787,1.132800023372343,1.018852071867016,1.0698045347269223,1.0493383200867696,1.5017591701016002,1.3789088097291937,0.22034208653675266,0.26535906773874973,0.33803739561532364,0.3817501068162215,0.2913722574144909,0.943456093975363,0.8163177297905936,MBTA
2015-09-24 14:58:09.800,1.021599997031294,1.074803077183852,1.00516006381449,1.0659346912146799,1.0182500125609113,1.4128820509533935,1.3635441428417687,0.0064863315103047825,0.2703974967603631,0.3339285231893843,0.3568973536715857,0.26237966342341607,0.8224544185251783,0.7764451921357957,Standing
2015-09-24 14:58:09.800,1.021599997031294,1.074803077183852,1.00516006381449,1.0659346912146799,1.0182500125609113,1.4128820509533935,1.3635441428417687,0.0064863315103047825,0.2703974967603631,0.3339285231893843,0.3568973536715857,0.26237966342341607,0.8224544185251783,0.7764451921357957,MBTA
2015-09-24 14:58:22.600,1.0225770759551678,1.0974501292260777,1.013080742158921,1.0711345248603978,1.029289805350938,1.4367599933118107,1.3843927160048677,0.0037245013034523807,0.29825456083757834,0.32215220076830453,0.36702210292153137,0.2706798917183332,0.8290438944052938,0.7850896091842947,Standing
2015-09-24 14:58:22.600,1.0225770759551678,1.0974501292260777,1.013080742158921,1.0711345248603978,1.029289805350938,1.4367599933118107,1.3843927160048677,0.0037245013034523807,0.29825456083757834,0.32215220076830453,0.36702210292153137,0.2706798917183332,0.8290438944052938,0.7850896091842947,MBTA
2015-09-24 14:58:35.400,1.0236854233880153,1.129731080058295,1.0098283909769983,1.0759582479390122,1.0317863048531903,1.4221592852058749,1.3672604397585055,0.004185219909263989,0.30238605746508546,0.3594893267285549,0.4161597695487474,0.3147383686180548,0.8526471388336416,0.8318112192315854,Standing
2015-09-24 14:58:35.400,1.0236854233880153,1.129731080058295,1.0098283909769983,1.0759582479390122,1.0317863048531903,1.4221592852058749,1.3672604397585055,0.004185219909263989,0.30238605746508546,0.3594893267285549,0.4161597695487474,0.3147383686180548,0.8526471388336416,0.8318112192315854,MBTA
2015-09-24 14:58:48.200,1.0229417923686133,1.1346367397768091,1.0054726148021254,1.0779250237001627,1.0205548909599111,1.4423384394939602,1.3860987552758643,0.009234540084882803,0.28840948254650456,0.36653190690716103,0.39005271555069904,0.2956774627670774,0.8501375549747953,0.8461698090345432,Standing
2015-09-24 14:58:48.200,1.0229417923686133,1.1346367397768091,1.0054726148021254,1.0779250237001627,1.0205548909599111,1.4423384394939602,1.3860987552758643,0.009234540084882803,0.28840948254650456,0.36653190690716103,0.39005271555069904,0.2956774627670774,0.8501375549747953,0.8461698090345432,MBTA
2015-09-24 14:59:01.000,1.0221722395946893,1.1234509013185492,1.0132741963006384,1.0719467596635766,1.039051801217857,1.471831427917735,1.4223380144661208,0.021558719043702414,0.2578296279941399,0.34700066031951554,0.3738125296160567,0.2795831715382081,0.8707595857171501,0.848336523865524,Standing
2015-09-24 14:59:01.000,1.0221722395946893,1.1234509013185492,1.0132741963006384,1.0719467596635766,1.039051801217857,1.471831427917735,1.4223380144661208,0.021558719043702414,0.2578296279941399,0.34700066031951554,0.3738125296160567,0.2795831715382081,0.8707595857171501,0.848336523865524,MBTA
2015-09-24 14:59:13.800,1.0237743780578228,1.1179410913403243,1.018264072681811,1.0663114768541129,1.0651318223903143,1.5262570207384039,1.4470875149728157,0.020074210443507087,0.3195618982662083,0.3582650098841689,0.4078294028662083,0.3084007624438056,0.9145845214726102,0.8630833636354037,Standing
2015-09-24 14:59:13.800,1.0237743780578228,1.1179410913403243,1.018264072681811,1.0663114768541129,1.0651318223903143,1.5262570207384039,1.4470875149728157,0.020074210443507087,0.3195618982662083,0.3582650098841689,0.4078294028662083,0.3084007624438056,0.9145845214726102,0.8630833636354037,MBTA
2015-09-24 14:59:26.600,1.0306950162716702,1.1155554307506024,1.0140884335029392,1.0730573213252694,1.0480680842338435,1.4774389801856327,1.4174993359433705,0.044541190688094735,0.3002784118569166,0.3619643995740024,0.3990248659306674,0.29735998019896476,0.874449315932015,0.859455414007441,Standing
2015-09-24 14:59:26.600,1.0306950162716702,1.1155554307506024,1.0140884335029392,1.0730573213252694,1.0480680842338435,1.4774389801856327,1.4174993359433705,0.044541190688094735,0.3002784118569166,0.3619643995740024,0.3990248659306674,0.29735998019896476,0.874449315932015,0.859455414007441,MBTA
